indicator_code,filename,mode,sample_index,rows,cols,window_cells,elapsed_ns
PM25,PM25.tif,open_only,0,1024,1024,1048576,9468872
PM25,PM25.tif,masked_read_new_handle,0,1024,1024,1048576,108866660
PM25,PM25.tif,masked_reread_same_handle,0,1024,1024,1048576,3352882
PM25,PM25.tif,data_read,0,1024,1024,1048576,71838159
PM25,PM25.tif,mask_read,0,1024,1024,1048576,240129471
PM25,PM25.tif,data_plus_mask,0,1024,1024,1048576,356023959
PM25,PM25.tif,masked_read_new_handle,1,1024,1024,1048576,243000754
PM25,PM25.tif,masked_reread_same_handle,1,1024,1024,1048576,3412988
PM25,PM25.tif,data_read,1,1024,1024,1048576,120088742
PM25,PM25.tif,mask_read,1,1024,1024,1048576,114971567
PM25,PM25.tif,data_plus_mask,1,1024,1024,1048576,71458505
PM25,PM25.tif,open_only,1,1024,1024,1048576,17063864
PM25,PM25.tif,masked_reread_same_handle,2,1024,1024,1048576,2654303
PM25,PM25.tif,data_read,2,1024,1024,1048576,114515923
PM25,PM25.tif,mask_read,2,1024,1024,1048576,136720240
PM25,PM25.tif,data_plus_mask,2,1024,1024,1048576,154860308
PM25,PM25.tif,open_only,2,1024,1024,1048576,13293184
PM25,PM25.tif,masked_read_new_handle,2,1024,1024,1048576,146805914
PM25,PM25.tif,data_read,3,1024,1024,1048576,77837745
PM25,PM25.tif,mask_read,3,1024,1024,1048576,102688770
PM25,PM25.tif,data_plus_mask,3,1024,1024,1048576,241821198
PM25,PM25.tif,open_only,3,1024,1024,1048576,14369227
PM25,PM25.tif,masked_read_new_handle,3,1024,1024,1048576,169868714
PM25,PM25.tif,masked_reread_same_handle,3,1024,1024,1048576,2593946
PM25,PM25.tif,mask_read,4,1024,1024,1048576,165553808
PM25,PM25.tif,data_plus_mask,4,1024,1024,1048576,233205688
PM25,PM25.tif,open_only,4,1024,1024,1048576,17152811
PM25,PM25.tif,masked_read_new_handle,4,1024,1024,1048576,261796451
PM25,PM25.tif,masked_reread_same_handle,4,1024,1024,1048576,6335498
PM25,PM25.tif,data_read,4,1024,1024,1048576,109159781
AQI,AQI.tif,open_only,0,1024,1024,1048576,16539867
AQI,AQI.tif,masked_read_new_handle,0,1024,1024,1048576,106801796
AQI,AQI.tif,masked_reread_same_handle,0,1024,1024,1048576,4391485
AQI,AQI.tif,data_read,0,1024,1024,1048576,180605125
AQI,AQI.tif,mask_read,0,1024,1024,1048576,115076886
AQI,AQI.tif,data_plus_mask,0,1024,1024,1048576,141787364
AQI,AQI.tif,masked_read_new_handle,1,1024,1024,1048576,119171279
AQI,AQI.tif,masked_reread_same_handle,1,1024,1024,1048576,3530441
AQI,AQI.tif,data_read,1,1024,1024,1048576,108640439
AQI,AQI.tif,mask_read,1,1024,1024,1048576,180278349
AQI,AQI.tif,data_plus_mask,1,1024,1024,1048576,150023114
AQI,AQI.tif,open_only,1,1024,1024,1048576,21664431
AQI,AQI.tif,masked_reread_same_handle,2,1024,1024,1048576,3957425
AQI,AQI.tif,data_read,2,1024,1024,1048576,207971387
AQI,AQI.tif,mask_read,2,1024,1024,1048576,211427571
AQI,AQI.tif,data_plus_mask,2,1024,1024,1048576,307811609
AQI,AQI.tif,open_only,2,1024,1024,1048576,9291896
AQI,AQI.tif,masked_read_new_handle,2,1024,1024,1048576,263355132
AQI,AQI.tif,data_read,3,1024,1024,1048576,255556900
AQI,AQI.tif,mask_read,3,1024,1024,1048576,321470261
AQI,AQI.tif,data_plus_mask,3,1024,1024,1048576,282231266
AQI,AQI.tif,open_only,3,1024,1024,1048576,21563425
AQI,AQI.tif,masked_read_new_handle,3,1024,1024,1048576,66109217
AQI,AQI.tif,masked_reread_same_handle,3,1024,1024,1048576,3462200
AQI,AQI.tif,mask_read,4,1024,1024,1048576,123505708
AQI,AQI.tif,data_plus_mask,4,1024,1024,1048576,284375661
AQI,AQI.tif,open_only,4,1024,1024,1048576,34094573
AQI,AQI.tif,masked_read_new_handle,4,1024,1024,1048576,192424276
AQI,AQI.tif,masked_reread_same_handle,4,1024,1024,1048576,4050547
AQI,AQI.tif,data_read,4,1024,1024,1048576,56203632
NDVI,NDVI.tif,open_only,0,1024,1024,1048576,14013143
NDVI,NDVI.tif,masked_read_new_handle,0,1024,1024,1048576,154286808
NDVI,NDVI.tif,masked_reread_same_handle,0,1024,1024,1048576,4802825
NDVI,NDVI.tif,data_read,0,1024,1024,1048576,114746983
NDVI,NDVI.tif,mask_read,0,1024,1024,1048576,282592464
NDVI,NDVI.tif,data_plus_mask,0,1024,1024,1048576,214849085
NDVI,NDVI.tif,masked_read_new_handle,1,1024,1024,1048576,195629125
NDVI,NDVI.tif,masked_reread_same_handle,1,1024,1024,1048576,3392614
NDVI,NDVI.tif,data_read,1,1024,1024,1048576,243993681
NDVI,NDVI.tif,mask_read,1,1024,1024,1048576,352252731
NDVI,NDVI.tif,data_plus_mask,1,1024,1024,1048576,281235040
NDVI,NDVI.tif,open_only,1,1024,1024,1048576,15451648
NDVI,NDVI.tif,masked_reread_same_handle,2,1024,1024,1048576,5231690
NDVI,NDVI.tif,data_read,2,1024,1024,1048576,317629413
NDVI,NDVI.tif,mask_read,2,1024,1024,1048576,284406685
NDVI,NDVI.tif,data_plus_mask,2,1024,1024,1048576,247704278
NDVI,NDVI.tif,open_only,2,1024,1024,1048576,29014818
NDVI,NDVI.tif,masked_read_new_handle,2,1024,1024,1048576,434466154
NDVI,NDVI.tif,data_read,3,1024,1024,1048576,312368680
NDVI,NDVI.tif,mask_read,3,1024,1024,1048576,220342689
NDVI,NDVI.tif,data_plus_mask,3,1024,1024,1048576,40646397
NDVI,NDVI.tif,open_only,3,1024,1024,1048576,3478089
NDVI,NDVI.tif,masked_read_new_handle,3,1024,1024,1048576,25820639
NDVI,NDVI.tif,masked_reread_same_handle,3,1024,1024,1048576,3126604
NDVI,NDVI.tif,mask_read,4,1024,1024,1048576,26084778
NDVI,NDVI.tif,data_plus_mask,4,1024,1024,1048576,40615469
NDVI,NDVI.tif,open_only,4,1024,1024,1048576,3035557
NDVI,NDVI.tif,masked_read_new_handle,4,1024,1024,1048576,30167484
NDVI,NDVI.tif,masked_reread_same_handle,4,1024,1024,1048576,2855413
NDVI,NDVI.tif,data_read,4,1024,1024,1048576,115936692
hwmd,hwmd.tif,open_only,0,1024,1024,1048576,1844695
hwmd,hwmd.tif,masked_read_new_handle,0,1024,1024,1048576,16966065
hwmd,hwmd.tif,masked_reread_same_handle,0,1024,1024,1048576,2766019
hwmd,hwmd.tif,data_read,0,1024,1024,1048576,14218369
hwmd,hwmd.tif,mask_read,0,1024,1024,1048576,28971145
hwmd,hwmd.tif,data_plus_mask,0,1024,1024,1048576,23878142
hwmd,hwmd.tif,masked_read_new_handle,1,1024,1024,1048576,24517369
hwmd,hwmd.tif,masked_reread_same_handle,1,1024,1024,1048576,3097372
hwmd,hwmd.tif,data_read,1,1024,1024,1048576,15045311
hwmd,hwmd.tif,mask_read,1,1024,1024,1048576,23873974
hwmd,hwmd.tif,data_plus_mask,1,1024,1024,1048576,15976143
hwmd,hwmd.tif,open_only,1,1024,1024,1048576,2137789
hwmd,hwmd.tif,masked_reread_same_handle,2,1024,1024,1048576,3526482
hwmd,hwmd.tif,data_read,2,1024,1024,1048576,15506462
hwmd,hwmd.tif,mask_read,2,1024,1024,1048576,15399308
hwmd,hwmd.tif,data_plus_mask,2,1024,1024,1048576,76576098
hwmd,hwmd.tif,open_only,2,1024,1024,1048576,13874076
hwmd,hwmd.tif,masked_read_new_handle,2,1024,1024,1048576,88755754
hwmd,hwmd.tif,data_read,3,1024,1024,1048576,33494710
hwmd,hwmd.tif,mask_read,3,1024,1024,1048576,60177522
hwmd,hwmd.tif,data_plus_mask,3,1024,1024,1048576,118270692
hwmd,hwmd.tif,open_only,3,1024,1024,1048576,8282942
hwmd,hwmd.tif,masked_read_new_handle,3,1024,1024,1048576,71449922
hwmd,hwmd.tif,masked_reread_same_handle,3,1024,1024,1048576,3503762
hwmd,hwmd.tif,mask_read,4,1024,1024,1048576,67665388
hwmd,hwmd.tif,data_plus_mask,4,1024,1024,1048576,132481409
hwmd,hwmd.tif,open_only,4,1024,1024,1048576,11440595
hwmd,hwmd.tif,masked_read_new_handle,4,1024,1024,1048576,134733327
hwmd,hwmd.tif,masked_reread_same_handle,4,1024,1024,1048576,6124578
hwmd,hwmd.tif,data_read,4,1024,1024,1048576,146017067
rkmd,rkmd.tif,open_only,0,1024,1024,1048576,12022731
rkmd,rkmd.tif,masked_read_new_handle,0,1024,1024,1048576,248781586
rkmd,rkmd.tif,masked_reread_same_handle,0,1024,1024,1048576,4723387
rkmd,rkmd.tif,data_read,0,1024,1024,1048576,199576050
rkmd,rkmd.tif,mask_read,0,1024,1024,1048576,108571894
rkmd,rkmd.tif,data_plus_mask,0,1024,1024,1048576,78851214
rkmd,rkmd.tif,masked_read_new_handle,1,1024,1024,1048576,57178961
rkmd,rkmd.tif,masked_reread_same_handle,1,1024,1024,1048576,3710458
rkmd,rkmd.tif,data_read,1,1024,1024,1048576,52806896
rkmd,rkmd.tif,mask_read,1,1024,1024,1048576,195771391
rkmd,rkmd.tif,data_plus_mask,1,1024,1024,1048576,283912704
rkmd,rkmd.tif,open_only,1,1024,1024,1048576,8028660
rkmd,rkmd.tif,masked_reread_same_handle,2,1024,1024,1048576,4085888
rkmd,rkmd.tif,data_read,2,1024,1024,1048576,222466436
rkmd,rkmd.tif,mask_read,2,1024,1024,1048576,209128559
rkmd,rkmd.tif,data_plus_mask,2,1024,1024,1048576,258952548
rkmd,rkmd.tif,open_only,2,1024,1024,1048576,12995099
rkmd,rkmd.tif,masked_read_new_handle,2,1024,1024,1048576,165147773
rkmd,rkmd.tif,data_read,3,1024,1024,1048576,163386790
rkmd,rkmd.tif,mask_read,3,1024,1024,1048576,114417617
rkmd,rkmd.tif,data_plus_mask,3,1024,1024,1048576,77003424
rkmd,rkmd.tif,open_only,3,1024,1024,1048576,10815761
rkmd,rkmd.tif,masked_read_new_handle,3,1024,1024,1048576,64928161
rkmd,rkmd.tif,masked_reread_same_handle,3,1024,1024,1048576,3659276
rkmd,rkmd.tif,mask_read,4,1024,1024,1048576,73333686
rkmd,rkmd.tif,data_plus_mask,4,1024,1024,1048576,62005437
rkmd,rkmd.tif,open_only,4,1024,1024,1048576,4289798
rkmd,rkmd.tif,masked_read_new_handle,4,1024,1024,1048576,66641731
rkmd,rkmd.tif,masked_reread_same_handle,4,1024,1024,1048576,3623207
rkmd,rkmd.tif,data_read,4,1024,1024,1048576,157376255
xxmd,xxmd.tif,open_only,0,1024,1024,1048576,2951923
xxmd,xxmd.tif,masked_read_new_handle,0,1024,1024,1048576,20451328
xxmd,xxmd.tif,masked_reread_same_handle,0,1024,1024,1048576,3331623
xxmd,xxmd.tif,data_read,0,1024,1024,1048576,89711794
xxmd,xxmd.tif,mask_read,0,1024,1024,1048576,94229077
xxmd,xxmd.tif,data_plus_mask,0,1024,1024,1048576,150910029
xxmd,xxmd.tif,masked_read_new_handle,1,1024,1024,1048576,108770922
xxmd,xxmd.tif,masked_reread_same_handle,1,1024,1024,1048576,3574293
xxmd,xxmd.tif,data_read,1,1024,1024,1048576,208475354
xxmd,xxmd.tif,mask_read,1,1024,1024,1048576,172803217
xxmd,xxmd.tif,data_plus_mask,1,1024,1024,1048576,183468771
xxmd,xxmd.tif,open_only,1,1024,1024,1048576,13096249
xxmd,xxmd.tif,masked_reread_same_handle,2,1024,1024,1048576,3473560
xxmd,xxmd.tif,data_read,2,1024,1024,1048576,80159500
xxmd,xxmd.tif,mask_read,2,1024,1024,1048576,77563396
xxmd,xxmd.tif,data_plus_mask,2,1024,1024,1048576,25313081
xxmd,xxmd.tif,open_only,2,1024,1024,1048576,5651630
xxmd,xxmd.tif,masked_read_new_handle,2,1024,1024,1048576,40393601
xxmd,xxmd.tif,data_read,3,1024,1024,1048576,164452452
xxmd,xxmd.tif,mask_read,3,1024,1024,1048576,60580566
xxmd,xxmd.tif,data_plus_mask,3,1024,1024,1048576,66961690
xxmd,xxmd.tif,open_only,3,1024,1024,1048576,14806882
xxmd,xxmd.tif,masked_read_new_handle,3,1024,1024,1048576,68537046
xxmd,xxmd.tif,masked_reread_same_handle,3,1024,1024,1048576,3228585
xxmd,xxmd.tif,mask_read,4,1024,1024,1048576,45796673
xxmd,xxmd.tif,data_plus_mask,4,1024,1024,1048576,21377307
xxmd,xxmd.tif,open_only,4,1024,1024,1048576,4238604
xxmd,xxmd.tif,masked_read_new_handle,4,1024,1024,1048576,117294324
xxmd,xxmd.tif,masked_reread_same_handle,4,1024,1024,1048576,5531445
xxmd,xxmd.tif,data_read,4,1024,1024,1048576,44952295
jmdmd,jmdmd.tif,open_only,0,1024,1024,1048576,2081645
jmdmd,jmdmd.tif,masked_read_new_handle,0,1024,1024,1048576,14808791
jmdmd,jmdmd.tif,masked_reread_same_handle,0,1024,1024,1048576,3515432
jmdmd,jmdmd.tif,data_read,0,1024,1024,1048576,11667028
jmdmd,jmdmd.tif,mask_read,0,1024,1024,1048576,10969290
jmdmd,jmdmd.tif,data_plus_mask,0,1024,1024,1048576,11494247
jmdmd,jmdmd.tif,masked_read_new_handle,1,1024,1024,1048576,58892295
jmdmd,jmdmd.tif,masked_reread_same_handle,1,1024,1024,1048576,4527228
jmdmd,jmdmd.tif,data_read,1,1024,1024,1048576,26930780
jmdmd,jmdmd.tif,mask_read,1,1024,1024,1048576,15138507
jmdmd,jmdmd.tif,data_plus_mask,1,1024,1024,1048576,14847091
jmdmd,jmdmd.tif,open_only,1,1024,1024,1048576,1949032
jmdmd,jmdmd.tif,masked_reread_same_handle,2,1024,1024,1048576,3391033
jmdmd,jmdmd.tif,data_read,2,1024,1024,1048576,12423983
jmdmd,jmdmd.tif,mask_read,2,1024,1024,1048576,12557636
jmdmd,jmdmd.tif,data_plus_mask,2,1024,1024,1048576,12531184
jmdmd,jmdmd.tif,open_only,2,1024,1024,1048576,1990557
jmdmd,jmdmd.tif,masked_read_new_handle,2,1024,1024,1048576,20614501
jmdmd,jmdmd.tif,data_read,3,1024,1024,1048576,16685974
jmdmd,jmdmd.tif,mask_read,3,1024,1024,1048576,12688308
jmdmd,jmdmd.tif,data_plus_mask,3,1024,1024,1048576,13307523
jmdmd,jmdmd.tif,open_only,3,1024,1024,1048576,2866065
jmdmd,jmdmd.tif,masked_read_new_handle,3,1024,1024,1048576,14580575
jmdmd,jmdmd.tif,masked_reread_same_handle,3,1024,1024,1048576,3260142
jmdmd,jmdmd.tif,mask_read,4,1024,1024,1048576,16231720
jmdmd,jmdmd.tif,data_plus_mask,4,1024,1024,1048576,73029134
jmdmd,jmdmd.tif,open_only,4,1024,1024,1048576,2973917
jmdmd,jmdmd.tif,masked_read_new_handle,4,1024,1024,1048576,20259052
jmdmd,jmdmd.tif,masked_reread_same_handle,4,1024,1024,1048576,3264544
jmdmd,jmdmd.tif,data_read,4,1024,1024,1048576,14285329
xspb,xspb.tif,open_only,0,1024,1024,1048576,6328102
xspb,xspb.tif,masked_read_new_handle,0,1024,1024,1048576,28884251
xspb,xspb.tif,masked_reread_same_handle,0,1024,1024,1048576,3182252
xspb,xspb.tif,data_read,0,1024,1024,1048576,12410964
xspb,xspb.tif,mask_read,0,1024,1024,1048576,10604993
xspb,xspb.tif,data_plus_mask,0,1024,1024,1048576,11566352
xspb,xspb.tif,masked_read_new_handle,1,1024,1024,1048576,16534666
xspb,xspb.tif,masked_reread_same_handle,1,1024,1024,1048576,4166413
xspb,xspb.tif,data_read,1,1024,1024,1048576,11808201
xspb,xspb.tif,mask_read,1,1024,1024,1048576,10584669
xspb,xspb.tif,data_plus_mask,1,1024,1024,1048576,11151097
xspb,xspb.tif,open_only,1,1024,1024,1048576,1956356
xspb,xspb.tif,masked_reread_same_handle,2,1024,1024,1048576,3168468
xspb,xspb.tif,data_read,2,1024,1024,1048576,11543295
xspb,xspb.tif,mask_read,2,1024,1024,1048576,10414439
xspb,xspb.tif,data_plus_mask,2,1024,1024,1048576,61656665
xspb,xspb.tif,open_only,2,1024,1024,1048576,16228984
xspb,xspb.tif,masked_read_new_handle,2,1024,1024,1048576,48499332
xspb,xspb.tif,data_read,3,1024,1024,1048576,53263724
xspb,xspb.tif,mask_read,3,1024,1024,1048576,53135517
xspb,xspb.tif,data_plus_mask,3,1024,1024,1048576,57612781
xspb,xspb.tif,open_only,3,1024,1024,1048576,14675952
xspb,xspb.tif,masked_read_new_handle,3,1024,1024,1048576,36269009
xspb,xspb.tif,masked_reread_same_handle,3,1024,1024,1048576,4507111
xspb,xspb.tif,mask_read,4,1024,1024,1048576,30564839
xspb,xspb.tif,data_plus_mask,4,1024,1024,1048576,14969152
xspb,xspb.tif,open_only,4,1024,1024,1048576,3457032
xspb,xspb.tif,masked_read_new_handle,4,1024,1024,1048576,16978142
xspb,xspb.tif,masked_reread_same_handle,4,1024,1024,1048576,3780272
xspb,xspb.tif,data_read,4,1024,1024,1048576,22807244
xsqs,xsqs.tif,open_only,0,1024,1024,1048576,3818193
xsqs,xsqs.tif,masked_read_new_handle,0,1024,1024,1048576,20261216
xsqs,xsqs.tif,masked_reread_same_handle,0,1024,1024,1048576,3605159
xsqs,xsqs.tif,data_read,0,1024,1024,1048576,28270654
xsqs,xsqs.tif,mask_read,0,1024,1024,1048576,12590892
xsqs,xsqs.tif,data_plus_mask,0,1024,1024,1048576,12763637
xsqs,xsqs.tif,masked_read_new_handle,1,1024,1024,1048576,14951937
xsqs,xsqs.tif,masked_reread_same_handle,1,1024,1024,1048576,3728191
xsqs,xsqs.tif,data_read,1,1024,1024,1048576,16588903
xsqs,xsqs.tif,mask_read,1,1024,1024,1048576,12836756
xsqs,xsqs.tif,data_plus_mask,1,1024,1024,1048576,13281870
xsqs,xsqs.tif,open_only,1,1024,1024,1048576,2592742
xsqs,xsqs.tif,masked_reread_same_handle,2,1024,1024,1048576,4070621
xsqs,xsqs.tif,data_read,2,1024,1024,1048576,11813835
xsqs,xsqs.tif,mask_read,2,1024,1024,1048576,12360475
xsqs,xsqs.tif,data_plus_mask,2,1024,1024,1048576,16896267
xsqs,xsqs.tif,open_only,2,1024,1024,1048576,2978208
xsqs,xsqs.tif,masked_read_new_handle,2,1024,1024,1048576,17200101
xsqs,xsqs.tif,data_read,3,1024,1024,1048576,26560185
xsqs,xsqs.tif,mask_read,3,1024,1024,1048576,11281827
xsqs,xsqs.tif,data_plus_mask,3,1024,1024,1048576,15739639
xsqs,xsqs.tif,open_only,3,1024,1024,1048576,2684582
xsqs,xsqs.tif,masked_read_new_handle,3,1024,1024,1048576,25454853
xsqs,xsqs.tif,masked_reread_same_handle,3,1024,1024,1048576,3696990
xsqs,xsqs.tif,mask_read,4,1024,1024,1048576,15630606
xsqs,xsqs.tif,data_plus_mask,4,1024,1024,1048576,13243368
xsqs,xsqs.tif,open_only,4,1024,1024,1048576,2631577
xsqs,xsqs.tif,masked_read_new_handle,4,1024,1024,1048576,16239281
xsqs,xsqs.tif,masked_reread_same_handle,4,1024,1024,1048576,3896857
xsqs,xsqs.tif,data_read,4,1024,1024,1048576,52851436
gyfb,gyfb.tif,open_only,0,1024,1024,1048576,27073823
gyfb,gyfb.tif,masked_read_new_handle,0,1024,1024,1048576,274899353
gyfb,gyfb.tif,masked_reread_same_handle,0,1024,1024,1048576,2729223
gyfb,gyfb.tif,data_read,0,1024,1024,1048576,111410202
gyfb,gyfb.tif,mask_read,0,1024,1024,1048576,78589878
gyfb,gyfb.tif,data_plus_mask,0,1024,1024,1048576,45596888
gyfb,gyfb.tif,masked_read_new_handle,1,1024,1024,1048576,32076858
gyfb,gyfb.tif,masked_reread_same_handle,1,1024,1024,1048576,3371910
gyfb,gyfb.tif,data_read,1,1024,1024,1048576,26731669
gyfb,gyfb.tif,mask_read,1,1024,1024,1048576,32317600
gyfb,gyfb.tif,data_plus_mask,1,1024,1024,1048576,33547588
gyfb,gyfb.tif,open_only,1,1024,1024,1048576,2711837
gyfb,gyfb.tif,masked_reread_same_handle,2,1024,1024,1048576,3636118
gyfb,gyfb.tif,data_read,2,1024,1024,1048576,29812441
gyfb,gyfb.tif,mask_read,2,1024,1024,1048576,43997173
gyfb,gyfb.tif,data_plus_mask,2,1024,1024,1048576,31787631
gyfb,gyfb.tif,open_only,2,1024,1024,1048576,2688244
gyfb,gyfb.tif,masked_read_new_handle,2,1024,1024,1048576,39282482
gyfb,gyfb.tif,data_read,3,1024,1024,1048576,34625133
gyfb,gyfb.tif,mask_read,3,1024,1024,1048576,28722149
gyfb,gyfb.tif,data_plus_mask,3,1024,1024,1048576,42433610
gyfb,gyfb.tif,open_only,3,1024,1024,1048576,2804862
gyfb,gyfb.tif,masked_read_new_handle,3,1024,1024,1048576,31151992
gyfb,gyfb.tif,masked_reread_same_handle,3,1024,1024,1048576,3531793
gyfb,gyfb.tif,mask_read,4,1024,1024,1048576,51944501
gyfb,gyfb.tif,data_plus_mask,4,1024,1024,1048576,33790496
gyfb,gyfb.tif,open_only,4,1024,1024,1048576,2860465
gyfb,gyfb.tif,masked_read_new_handle,4,1024,1024,1048576,51981353
gyfb,gyfb.tif,masked_reread_same_handle,4,1024,1024,1048576,3297423
gyfb,gyfb.tif,data_read,4,1024,1024,1048576,41491535
fmyl,fmyl.tif,open_only,0,1024,1024,1048576,2962968
fmyl,fmyl.tif,masked_read_new_handle,0,1024,1024,1048576,15067507
fmyl,fmyl.tif,masked_reread_same_handle,0,1024,1024,1048576,3583350
fmyl,fmyl.tif,data_read,0,1024,1024,1048576,12023359
fmyl,fmyl.tif,mask_read,0,1024,1024,1048576,12252237
fmyl,fmyl.tif,data_plus_mask,0,1024,1024,1048576,70808490
fmyl,fmyl.tif,masked_read_new_handle,1,1024,1024,1048576,38738619
fmyl,fmyl.tif,masked_reread_same_handle,1,1024,1024,1048576,4988783
fmyl,fmyl.tif,data_read,1,1024,1024,1048576,21777907
fmyl,fmyl.tif,mask_read,1,1024,1024,1048576,25324325
fmyl,fmyl.tif,data_plus_mask,1,1024,1024,1048576,16411058
fmyl,fmyl.tif,open_only,1,1024,1024,1048576,3014397
fmyl,fmyl.tif,masked_reread_same_handle,2,1024,1024,1048576,5178525
fmyl,fmyl.tif,data_read,2,1024,1024,1048576,22453637
fmyl,fmyl.tif,mask_read,2,1024,1024,1048576,27620980
fmyl,fmyl.tif,data_plus_mask,2,1024,1024,1048576,20318251
fmyl,fmyl.tif,open_only,2,1024,1024,1048576,5304964
fmyl,fmyl.tif,masked_read_new_handle,2,1024,1024,1048576,28434407
fmyl,fmyl.tif,data_read,3,1024,1024,1048576,32680194
fmyl,fmyl.tif,mask_read,3,1024,1024,1048576,13008505
fmyl,fmyl.tif,data_plus_mask,3,1024,1024,1048576,12758725
fmyl,fmyl.tif,open_only,3,1024,1024,1048576,3572472
fmyl,fmyl.tif,masked_read_new_handle,3,1024,1024,1048576,66815514
fmyl,fmyl.tif,masked_reread_same_handle,3,1024,1024,1048576,3518632
fmyl,fmyl.tif,mask_read,4,1024,1024,1048576,59361311
fmyl,fmyl.tif,data_plus_mask,4,1024,1024,1048576,56299423
fmyl,fmyl.tif,open_only,4,1024,1024,1048576,6654339
fmyl,fmyl.tif,masked_read_new_handle,4,1024,1024,1048576,31561423
fmyl,fmyl.tif,masked_reread_same_handle,4,1024,1024,1048576,5547567
fmyl,fmyl.tif,data_read,4,1024,1024,1048576,19415415
fmts,fmts.tif,open_only,0,1024,1024,1048576,3147868
fmts,fmts.tif,masked_read_new_handle,0,1024,1024,1048576,14703431
fmts,fmts.tif,masked_reread_same_handle,0,1024,1024,1048576,3178691
fmts,fmts.tif,data_read,0,1024,1024,1048576,14192365
fmts,fmts.tif,mask_read,0,1024,1024,1048576,12782073
fmts,fmts.tif,data_plus_mask,0,1024,1024,1048576,17702075
fmts,fmts.tif,masked_read_new_handle,1,1024,1024,1048576,26482183
fmts,fmts.tif,masked_reread_same_handle,1,1024,1024,1048576,3404330
fmts,fmts.tif,data_read,1,1024,1024,1048576,12377701
fmts,fmts.tif,mask_read,1,1024,1024,1048576,12568775
fmts,fmts.tif,data_plus_mask,1,1024,1024,1048576,13682947
fmts,fmts.tif,open_only,1,1024,1024,1048576,2758387
fmts,fmts.tif,masked_reread_same_handle,2,1024,1024,1048576,3597910
fmts,fmts.tif,data_read,2,1024,1024,1048576,14277394
fmts,fmts.tif,mask_read,2,1024,1024,1048576,11232262
fmts,fmts.tif,data_plus_mask,2,1024,1024,1048576,11636761
fmts,fmts.tif,open_only,2,1024,1024,1048576,2615799
fmts,fmts.tif,masked_read_new_handle,2,1024,1024,1048576,13566882
fmts,fmts.tif,data_read,3,1024,1024,1048576,14639595
fmts,fmts.tif,mask_read,3,1024,1024,1048576,24460134
fmts,fmts.tif,data_plus_mask,3,1024,1024,1048576,22909538
fmts,fmts.tif,open_only,3,1024,1024,1048576,4473273
fmts,fmts.tif,masked_read_new_handle,3,1024,1024,1048576,17755985
fmts,fmts.tif,masked_reread_same_handle,3,1024,1024,1048576,4719828
fmts,fmts.tif,mask_read,4,1024,1024,1048576,58504539
fmts,fmts.tif,data_plus_mask,4,1024,1024,1048576,43879013
fmts,fmts.tif,open_only,4,1024,1024,1048576,13160940
fmts,fmts.tif,masked_read_new_handle,4,1024,1024,1048576,50335528
fmts,fmts.tif,masked_reread_same_handle,4,1024,1024,1048576,9078900
fmts,fmts.tif,data_read,4,1024,1024,1048576,31069700
