relationship,column_shift,mode,sample_index,order_index,sequence_elapsed_ns,indicator_code,filename,rows,cols,window_cells,valid_cells,elapsed_ns
same_window,0,reopen_between_requests,0,0,1401158381,PM25,PM25.tif,1024,1024,1048576,744513,148319016
same_window,0,reopen_between_requests,0,0,1401158381,AQI,AQI.tif,1024,1024,1048576,745246,97565788
same_window,0,reopen_between_requests,0,0,1401158381,NDVI,NDVI.tif,1024,1024,1048576,736505,115847102
same_window,0,reopen_between_requests,0,0,1401158381,hwmd,hwmd.tif,1024,1024,1048576,741486,89412486
same_window,0,reopen_between_requests,0,0,1401158381,rkmd,rkmd.tif,1024,1024,1048576,727265,187320475
same_window,0,reopen_between_requests,0,0,1401158381,xxmd,xxmd.tif,1024,1024,1048576,741486,201263230
same_window,0,reopen_between_requests,0,0,1401158381,jmdmd,jmdmd.tif,1024,1024,1048576,741486,118371546
same_window,0,reopen_between_requests,0,0,1401158381,xspb,xspb.tif,1024,1024,1048576,741923,59277008
same_window,0,reopen_between_requests,0,0,1401158381,xsqs,xsqs.tif,1024,1024,1048576,741923,74219089
same_window,0,reopen_between_requests,0,0,1401158381,gyfb,gyfb.tif,1024,1024,1048576,741859,201311187
same_window,0,reopen_between_requests,0,0,1401158381,fmyl,fmyl.tif,1024,1024,1048576,741923,54798277
same_window,0,reopen_between_requests,0,0,1401158381,fmts,fmts.tif,1024,1024,1048576,741923,53407159
same_window,0,reuse_same_process_handles,0,1,61181088,PM25,PM25.tif,1024,1024,1048576,744513,2686086
same_window,0,reuse_same_process_handles,0,1,61181088,AQI,AQI.tif,1024,1024,1048576,745246,5789531
same_window,0,reuse_same_process_handles,0,1,61181088,NDVI,NDVI.tif,1024,1024,1048576,736505,5170277
same_window,0,reuse_same_process_handles,0,1,61181088,hwmd,hwmd.tif,1024,1024,1048576,741486,5816230
same_window,0,reuse_same_process_handles,0,1,61181088,rkmd,rkmd.tif,1024,1024,1048576,727265,4912277
same_window,0,reuse_same_process_handles,0,1,61181088,xxmd,xxmd.tif,1024,1024,1048576,741486,5188397
same_window,0,reuse_same_process_handles,0,1,61181088,jmdmd,jmdmd.tif,1024,1024,1048576,741486,4998642
same_window,0,reuse_same_process_handles,0,1,61181088,xspb,xspb.tif,1024,1024,1048576,741923,6064566
same_window,0,reuse_same_process_handles,0,1,61181088,xsqs,xsqs.tif,1024,1024,1048576,741923,5293263
same_window,0,reuse_same_process_handles,0,1,61181088,gyfb,gyfb.tif,1024,1024,1048576,741859,5232331
same_window,0,reuse_same_process_handles,0,1,61181088,fmyl,fmyl.tif,1024,1024,1048576,741923,4743785
same_window,0,reuse_same_process_handles,0,1,61181088,fmts,fmts.tif,1024,1024,1048576,741923,5249185
same_window,0,reuse_same_process_handles,1,0,39109468,PM25,PM25.tif,1024,1024,1048576,744513,2976612
same_window,0,reuse_same_process_handles,1,0,39109468,AQI,AQI.tif,1024,1024,1048576,745246,2736897
same_window,0,reuse_same_process_handles,1,0,39109468,NDVI,NDVI.tif,1024,1024,1048576,736505,2517738
same_window,0,reuse_same_process_handles,1,0,39109468,hwmd,hwmd.tif,1024,1024,1048576,741486,2312291
same_window,0,reuse_same_process_handles,1,0,39109468,rkmd,rkmd.tif,1024,1024,1048576,727265,3831584
same_window,0,reuse_same_process_handles,1,0,39109468,xxmd,xxmd.tif,1024,1024,1048576,741486,2299413
same_window,0,reuse_same_process_handles,1,0,39109468,jmdmd,jmdmd.tif,1024,1024,1048576,741486,3082902
same_window,0,reuse_same_process_handles,1,0,39109468,xspb,xspb.tif,1024,1024,1048576,741923,2257702
same_window,0,reuse_same_process_handles,1,0,39109468,xsqs,xsqs.tif,1024,1024,1048576,741923,2422777
same_window,0,reuse_same_process_handles,1,0,39109468,gyfb,gyfb.tif,1024,1024,1048576,741859,4178756
same_window,0,reuse_same_process_handles,1,0,39109468,fmyl,fmyl.tif,1024,1024,1048576,741923,4961017
same_window,0,reuse_same_process_handles,1,0,39109468,fmts,fmts.tif,1024,1024,1048576,741923,5494777
same_window,0,reopen_between_requests,1,1,1368061224,PM25,PM25.tif,1024,1024,1048576,744513,162294205
same_window,0,reopen_between_requests,1,1,1368061224,AQI,AQI.tif,1024,1024,1048576,745246,149307207
same_window,0,reopen_between_requests,1,1,1368061224,NDVI,NDVI.tif,1024,1024,1048576,736505,165453272
same_window,0,reopen_between_requests,1,1,1368061224,hwmd,hwmd.tif,1024,1024,1048576,741486,121855735
same_window,0,reopen_between_requests,1,1,1368061224,rkmd,rkmd.tif,1024,1024,1048576,727265,229434676
same_window,0,reopen_between_requests,1,1,1368061224,xxmd,xxmd.tif,1024,1024,1048576,741486,130854128
same_window,0,reopen_between_requests,1,1,1368061224,jmdmd,jmdmd.tif,1024,1024,1048576,741486,67303609
same_window,0,reopen_between_requests,1,1,1368061224,xspb,xspb.tif,1024,1024,1048576,741923,55073119
same_window,0,reopen_between_requests,1,1,1368061224,xsqs,xsqs.tif,1024,1024,1048576,741923,52338777
same_window,0,reopen_between_requests,1,1,1368061224,gyfb,gyfb.tif,1024,1024,1048576,741859,149532350
same_window,0,reopen_between_requests,1,1,1368061224,fmyl,fmyl.tif,1024,1024,1048576,741923,49386123
same_window,0,reopen_between_requests,1,1,1368061224,fmts,fmts.tif,1024,1024,1048576,741923,35178347
same_window,0,reopen_between_requests,2,0,1251801952,PM25,PM25.tif,1024,1024,1048576,744513,172013109
same_window,0,reopen_between_requests,2,0,1251801952,AQI,AQI.tif,1024,1024,1048576,745246,129575558
same_window,0,reopen_between_requests,2,0,1251801952,NDVI,NDVI.tif,1024,1024,1048576,736505,111200932
same_window,0,reopen_between_requests,2,0,1251801952,hwmd,hwmd.tif,1024,1024,1048576,741486,118565106
same_window,0,reopen_between_requests,2,0,1251801952,rkmd,rkmd.tif,1024,1024,1048576,727265,212557865
same_window,0,reopen_between_requests,2,0,1251801952,xxmd,xxmd.tif,1024,1024,1048576,741486,83497310
same_window,0,reopen_between_requests,2,0,1251801952,jmdmd,jmdmd.tif,1024,1024,1048576,741486,62561141
same_window,0,reopen_between_requests,2,0,1251801952,xspb,xspb.tif,1024,1024,1048576,741923,64189066
same_window,0,reopen_between_requests,2,0,1251801952,xsqs,xsqs.tif,1024,1024,1048576,741923,55068628
same_window,0,reopen_between_requests,2,0,1251801952,gyfb,gyfb.tif,1024,1024,1048576,741859,192684789
same_window,0,reopen_between_requests,2,0,1251801952,fmyl,fmyl.tif,1024,1024,1048576,741923,25104001
same_window,0,reopen_between_requests,2,0,1251801952,fmts,fmts.tif,1024,1024,1048576,741923,24686604
same_window,0,reuse_same_process_handles,2,1,37085647,PM25,PM25.tif,1024,1024,1048576,744513,5016838
same_window,0,reuse_same_process_handles,2,1,37085647,AQI,AQI.tif,1024,1024,1048576,745246,4603969
same_window,0,reuse_same_process_handles,2,1,37085647,NDVI,NDVI.tif,1024,1024,1048576,736505,5776181
same_window,0,reuse_same_process_handles,2,1,37085647,hwmd,hwmd.tif,1024,1024,1048576,741486,2641270
same_window,0,reuse_same_process_handles,2,1,37085647,rkmd,rkmd.tif,1024,1024,1048576,727265,2107140
same_window,0,reuse_same_process_handles,2,1,37085647,xxmd,xxmd.tif,1024,1024,1048576,741486,2942088
same_window,0,reuse_same_process_handles,2,1,37085647,jmdmd,jmdmd.tif,1024,1024,1048576,741486,2139857
same_window,0,reuse_same_process_handles,2,1,37085647,xspb,xspb.tif,1024,1024,1048576,741923,2210944
same_window,0,reuse_same_process_handles,2,1,37085647,xsqs,xsqs.tif,1024,1024,1048576,741923,1989351
same_window,0,reuse_same_process_handles,2,1,37085647,gyfb,gyfb.tif,1024,1024,1048576,741859,2032894
same_window,0,reuse_same_process_handles,2,1,37085647,fmyl,fmyl.tif,1024,1024,1048576,741923,2923879
same_window,0,reuse_same_process_handles,2,1,37085647,fmts,fmts.tif,1024,1024,1048576,741923,2666328
same_window,0,reuse_same_process_handles,3,0,29729731,PM25,PM25.tif,1024,1024,1048576,744513,2158435
same_window,0,reuse_same_process_handles,3,0,29729731,AQI,AQI.tif,1024,1024,1048576,745246,2447130
same_window,0,reuse_same_process_handles,3,0,29729731,NDVI,NDVI.tif,1024,1024,1048576,736505,2478227
same_window,0,reuse_same_process_handles,3,0,29729731,hwmd,hwmd.tif,1024,1024,1048576,741486,2349911
same_window,0,reuse_same_process_handles,3,0,29729731,rkmd,rkmd.tif,1024,1024,1048576,727265,2605948
same_window,0,reuse_same_process_handles,3,0,29729731,xxmd,xxmd.tif,1024,1024,1048576,741486,2588117
same_window,0,reuse_same_process_handles,3,0,29729731,jmdmd,jmdmd.tif,1024,1024,1048576,741486,2978581
same_window,0,reuse_same_process_handles,3,0,29729731,xspb,xspb.tif,1024,1024,1048576,741923,2644730
same_window,0,reuse_same_process_handles,3,0,29729731,xsqs,xsqs.tif,1024,1024,1048576,741923,2764507
same_window,0,reuse_same_process_handles,3,0,29729731,gyfb,gyfb.tif,1024,1024,1048576,741859,2205366
same_window,0,reuse_same_process_handles,3,0,29729731,fmyl,fmyl.tif,1024,1024,1048576,741923,2196228
same_window,0,reuse_same_process_handles,3,0,29729731,fmts,fmts.tif,1024,1024,1048576,741923,2281718
same_window,0,reopen_between_requests,3,1,807144919,PM25,PM25.tif,1024,1024,1048576,744513,150013015
same_window,0,reopen_between_requests,3,1,807144919,AQI,AQI.tif,1024,1024,1048576,745246,102760457
same_window,0,reopen_between_requests,3,1,807144919,NDVI,NDVI.tif,1024,1024,1048576,736505,93464342
same_window,0,reopen_between_requests,3,1,807144919,hwmd,hwmd.tif,1024,1024,1048576,741486,46677182
same_window,0,reopen_between_requests,3,1,807144919,rkmd,rkmd.tif,1024,1024,1048576,727265,89403137
same_window,0,reopen_between_requests,3,1,807144919,xxmd,xxmd.tif,1024,1024,1048576,741486,41447989
same_window,0,reopen_between_requests,3,1,807144919,jmdmd,jmdmd.tif,1024,1024,1048576,741486,28533122
same_window,0,reopen_between_requests,3,1,807144919,xspb,xspb.tif,1024,1024,1048576,741923,22754169
same_window,0,reopen_between_requests,3,1,807144919,xsqs,xsqs.tif,1024,1024,1048576,741923,22927928
same_window,0,reopen_between_requests,3,1,807144919,gyfb,gyfb.tif,1024,1024,1048576,741859,110043673
same_window,0,reopen_between_requests,3,1,807144919,fmyl,fmyl.tif,1024,1024,1048576,741923,53636509
same_window,0,reopen_between_requests,3,1,807144919,fmts,fmts.tif,1024,1024,1048576,741923,45445438
same_window,0,reopen_between_requests,4,0,920153070,PM25,PM25.tif,1024,1024,1048576,744513,31385628
same_window,0,reopen_between_requests,4,0,920153070,AQI,AQI.tif,1024,1024,1048576,745246,47396030
same_window,0,reopen_between_requests,4,0,920153070,NDVI,NDVI.tif,1024,1024,1048576,736505,181567814
same_window,0,reopen_between_requests,4,0,920153070,hwmd,hwmd.tif,1024,1024,1048576,741486,118497711
same_window,0,reopen_between_requests,4,0,920153070,rkmd,rkmd.tif,1024,1024,1048576,727265,142114217
same_window,0,reopen_between_requests,4,0,920153070,xxmd,xxmd.tif,1024,1024,1048576,741486,139409939
same_window,0,reopen_between_requests,4,0,920153070,jmdmd,jmdmd.tif,1024,1024,1048576,741486,54249433
same_window,0,reopen_between_requests,4,0,920153070,xspb,xspb.tif,1024,1024,1048576,741923,29371909
same_window,0,reopen_between_requests,4,0,920153070,xsqs,xsqs.tif,1024,1024,1048576,741923,41356949
same_window,0,reopen_between_requests,4,0,920153070,gyfb,gyfb.tif,1024,1024,1048576,741859,78298072
same_window,0,reopen_between_requests,4,0,920153070,fmyl,fmyl.tif,1024,1024,1048576,741923,39095238
same_window,0,reopen_between_requests,4,0,920153070,fmts,fmts.tif,1024,1024,1048576,741923,17368538
same_window,0,reuse_same_process_handles,4,1,27868499,PM25,PM25.tif,1024,1024,1048576,744513,2067974
same_window,0,reuse_same_process_handles,4,1,27868499,AQI,AQI.tif,1024,1024,1048576,745246,2170934
same_window,0,reuse_same_process_handles,4,1,27868499,NDVI,NDVI.tif,1024,1024,1048576,736505,2539067
same_window,0,reuse_same_process_handles,4,1,27868499,hwmd,hwmd.tif,1024,1024,1048576,741486,2275704
same_window,0,reuse_same_process_handles,4,1,27868499,rkmd,rkmd.tif,1024,1024,1048576,727265,2411784
same_window,0,reuse_same_process_handles,4,1,27868499,xxmd,xxmd.tif,1024,1024,1048576,741486,2430884
same_window,0,reuse_same_process_handles,4,1,27868499,jmdmd,jmdmd.tif,1024,1024,1048576,741486,2033586
same_window,0,reuse_same_process_handles,4,1,27868499,xspb,xspb.tif,1024,1024,1048576,741923,2007997
same_window,0,reuse_same_process_handles,4,1,27868499,xsqs,xsqs.tif,1024,1024,1048576,741923,2160797
same_window,0,reuse_same_process_handles,4,1,27868499,gyfb,gyfb.tif,1024,1024,1048576,741859,1969397
same_window,0,reuse_same_process_handles,4,1,27868499,fmyl,fmyl.tif,1024,1024,1048576,741923,2432247
same_window,0,reuse_same_process_handles,4,1,27868499,fmts,fmts.tif,1024,1024,1048576,741923,3342319
half_overlap,512,reuse_same_process_handles,0,0,102412678,PM25,PM25.tif,1024,1024,1048576,220225,7114982
half_overlap,512,reuse_same_process_handles,0,0,102412678,AQI,AQI.tif,1024,1024,1048576,220958,7155281
half_overlap,512,reuse_same_process_handles,0,0,102412678,NDVI,NDVI.tif,1024,1024,1048576,212217,20721566
half_overlap,512,reuse_same_process_handles,0,0,102412678,hwmd,hwmd.tif,1024,1024,1048576,217198,7002478
half_overlap,512,reuse_same_process_handles,0,0,102412678,rkmd,rkmd.tif,1024,1024,1048576,208129,7133115
half_overlap,512,reuse_same_process_handles,0,0,102412678,xxmd,xxmd.tif,1024,1024,1048576,217198,6641968
half_overlap,512,reuse_same_process_handles,0,0,102412678,jmdmd,jmdmd.tif,1024,1024,1048576,217198,6485705
half_overlap,512,reuse_same_process_handles,0,0,102412678,xspb,xspb.tif,1024,1024,1048576,217635,6537011
half_overlap,512,reuse_same_process_handles,0,0,102412678,xsqs,xsqs.tif,1024,1024,1048576,217635,6440272
half_overlap,512,reuse_same_process_handles,0,0,102412678,gyfb,gyfb.tif,1024,1024,1048576,217571,13754551
half_overlap,512,reuse_same_process_handles,0,0,102412678,fmyl,fmyl.tif,1024,1024,1048576,217635,6573723
half_overlap,512,reuse_same_process_handles,0,0,102412678,fmts,fmts.tif,1024,1024,1048576,217635,6820815
half_overlap,512,reopen_between_requests,0,1,691540117,PM25,PM25.tif,1024,1024,1048576,220225,89480334
half_overlap,512,reopen_between_requests,0,1,691540117,AQI,AQI.tif,1024,1024,1048576,220958,82959711
half_overlap,512,reopen_between_requests,0,1,691540117,NDVI,NDVI.tif,1024,1024,1048576,212217,63878337
half_overlap,512,reopen_between_requests,0,1,691540117,hwmd,hwmd.tif,1024,1024,1048576,217198,58092753
half_overlap,512,reopen_between_requests,0,1,691540117,rkmd,rkmd.tif,1024,1024,1048576,208129,63695781
half_overlap,512,reopen_between_requests,0,1,691540117,xxmd,xxmd.tif,1024,1024,1048576,217198,21970997
half_overlap,512,reopen_between_requests,0,1,691540117,jmdmd,jmdmd.tif,1024,1024,1048576,217198,17537335
half_overlap,512,reopen_between_requests,0,1,691540117,xspb,xspb.tif,1024,1024,1048576,217635,42109836
half_overlap,512,reopen_between_requests,0,1,691540117,xsqs,xsqs.tif,1024,1024,1048576,217635,49513826
half_overlap,512,reopen_between_requests,0,1,691540117,gyfb,gyfb.tif,1024,1024,1048576,217571,165783467
half_overlap,512,reopen_between_requests,0,1,691540117,fmyl,fmyl.tif,1024,1024,1048576,217635,24866841
half_overlap,512,reopen_between_requests,0,1,691540117,fmts,fmts.tif,1024,1024,1048576,217635,11605744
half_overlap,512,reopen_between_requests,1,0,811215099,PM25,PM25.tif,1024,1024,1048576,220225,71231026
half_overlap,512,reopen_between_requests,1,0,811215099,AQI,AQI.tif,1024,1024,1048576,220958,71088364
half_overlap,512,reopen_between_requests,1,0,811215099,NDVI,NDVI.tif,1024,1024,1048576,212217,135190478
half_overlap,512,reopen_between_requests,1,0,811215099,hwmd,hwmd.tif,1024,1024,1048576,217198,52655765
half_overlap,512,reopen_between_requests,1,0,811215099,rkmd,rkmd.tif,1024,1024,1048576,208129,77703109
half_overlap,512,reopen_between_requests,1,0,811215099,xxmd,xxmd.tif,1024,1024,1048576,217198,48104846
half_overlap,512,reopen_between_requests,1,0,811215099,jmdmd,jmdmd.tif,1024,1024,1048576,217198,31766233
half_overlap,512,reopen_between_requests,1,0,811215099,xspb,xspb.tif,1024,1024,1048576,217635,24271388
half_overlap,512,reopen_between_requests,1,0,811215099,xsqs,xsqs.tif,1024,1024,1048576,217635,22317566
half_overlap,512,reopen_between_requests,1,0,811215099,gyfb,gyfb.tif,1024,1024,1048576,217571,152745277
half_overlap,512,reopen_between_requests,1,0,811215099,fmyl,fmyl.tif,1024,1024,1048576,217635,61705354
half_overlap,512,reopen_between_requests,1,0,811215099,fmts,fmts.tif,1024,1024,1048576,217635,62389996
half_overlap,512,reuse_same_process_handles,1,1,382861902,PM25,PM25.tif,1024,1024,1048576,220225,19547399
half_overlap,512,reuse_same_process_handles,1,1,382861902,AQI,AQI.tif,1024,1024,1048576,220958,10603599
half_overlap,512,reuse_same_process_handles,1,1,382861902,NDVI,NDVI.tif,1024,1024,1048576,212217,93643553
half_overlap,512,reuse_same_process_handles,1,1,382861902,hwmd,hwmd.tif,1024,1024,1048576,217198,17656239
half_overlap,512,reuse_same_process_handles,1,1,382861902,rkmd,rkmd.tif,1024,1024,1048576,208129,26870305
half_overlap,512,reuse_same_process_handles,1,1,382861902,xxmd,xxmd.tif,1024,1024,1048576,217198,21917863
half_overlap,512,reuse_same_process_handles,1,1,382861902,jmdmd,jmdmd.tif,1024,1024,1048576,217198,22214368
half_overlap,512,reuse_same_process_handles,1,1,382861902,xspb,xspb.tif,1024,1024,1048576,217635,21834972
half_overlap,512,reuse_same_process_handles,1,1,382861902,xsqs,xsqs.tif,1024,1024,1048576,217635,20064402
half_overlap,512,reuse_same_process_handles,1,1,382861902,gyfb,gyfb.tif,1024,1024,1048576,217571,76406408
half_overlap,512,reuse_same_process_handles,1,1,382861902,fmyl,fmyl.tif,1024,1024,1048576,217635,26365318
half_overlap,512,reuse_same_process_handles,1,1,382861902,fmts,fmts.tif,1024,1024,1048576,217635,25674466
half_overlap,512,reuse_same_process_handles,2,0,104679046,PM25,PM25.tif,1024,1024,1048576,220225,7487868
half_overlap,512,reuse_same_process_handles,2,0,104679046,AQI,AQI.tif,1024,1024,1048576,220958,8480138
half_overlap,512,reuse_same_process_handles,2,0,104679046,NDVI,NDVI.tif,1024,1024,1048576,212217,19832152
half_overlap,512,reuse_same_process_handles,2,0,104679046,hwmd,hwmd.tif,1024,1024,1048576,217198,6468161
half_overlap,512,reuse_same_process_handles,2,0,104679046,rkmd,rkmd.tif,1024,1024,1048576,208129,7449747
half_overlap,512,reuse_same_process_handles,2,0,104679046,xxmd,xxmd.tif,1024,1024,1048576,217198,6692658
half_overlap,512,reuse_same_process_handles,2,0,104679046,jmdmd,jmdmd.tif,1024,1024,1048576,217198,6400488
half_overlap,512,reuse_same_process_handles,2,0,104679046,xspb,xspb.tif,1024,1024,1048576,217635,6438341
half_overlap,512,reuse_same_process_handles,2,0,104679046,xsqs,xsqs.tif,1024,1024,1048576,217635,6603531
half_overlap,512,reuse_same_process_handles,2,0,104679046,gyfb,gyfb.tif,1024,1024,1048576,217571,14010170
half_overlap,512,reuse_same_process_handles,2,0,104679046,fmyl,fmyl.tif,1024,1024,1048576,217635,6406386
half_overlap,512,reuse_same_process_handles,2,0,104679046,fmts,fmts.tif,1024,1024,1048576,217635,8376737
half_overlap,512,reopen_between_requests,2,1,594970087,PM25,PM25.tif,1024,1024,1048576,220225,82506026
half_overlap,512,reopen_between_requests,2,1,594970087,AQI,AQI.tif,1024,1024,1048576,220958,59172543
half_overlap,512,reopen_between_requests,2,1,594970087,NDVI,NDVI.tif,1024,1024,1048576,212217,157977875
half_overlap,512,reopen_between_requests,2,1,594970087,hwmd,hwmd.tif,1024,1024,1048576,217198,39470018
half_overlap,512,reopen_between_requests,2,1,594970087,rkmd,rkmd.tif,1024,1024,1048576,208129,68367611
half_overlap,512,reopen_between_requests,2,1,594970087,xxmd,xxmd.tif,1024,1024,1048576,217198,50165496
half_overlap,512,reopen_between_requests,2,1,594970087,jmdmd,jmdmd.tif,1024,1024,1048576,217198,45044320
half_overlap,512,reopen_between_requests,2,1,594970087,xspb,xspb.tif,1024,1024,1048576,217635,14721372
half_overlap,512,reopen_between_requests,2,1,594970087,xsqs,xsqs.tif,1024,1024,1048576,217635,14829490
half_overlap,512,reopen_between_requests,2,1,594970087,gyfb,gyfb.tif,1024,1024,1048576,217571,37521418
half_overlap,512,reopen_between_requests,2,1,594970087,fmyl,fmyl.tif,1024,1024,1048576,217635,12731874
half_overlap,512,reopen_between_requests,2,1,594970087,fmts,fmts.tif,1024,1024,1048576,217635,12419031
half_overlap,512,reopen_between_requests,3,0,698907837,PM25,PM25.tif,1024,1024,1048576,220225,82540627
half_overlap,512,reopen_between_requests,3,0,698907837,AQI,AQI.tif,1024,1024,1048576,220958,111098377
half_overlap,512,reopen_between_requests,3,0,698907837,NDVI,NDVI.tif,1024,1024,1048576,212217,70980478
half_overlap,512,reopen_between_requests,3,0,698907837,hwmd,hwmd.tif,1024,1024,1048576,217198,14268803
half_overlap,512,reopen_between_requests,3,0,698907837,rkmd,rkmd.tif,1024,1024,1048576,208129,21369619
half_overlap,512,reopen_between_requests,3,0,698907837,xxmd,xxmd.tif,1024,1024,1048576,217198,18010397
half_overlap,512,reopen_between_requests,3,0,698907837,jmdmd,jmdmd.tif,1024,1024,1048576,217198,15972644
half_overlap,512,reopen_between_requests,3,0,698907837,xspb,xspb.tif,1024,1024,1048576,217635,37673107
half_overlap,512,reopen_between_requests,3,0,698907837,xsqs,xsqs.tif,1024,1024,1048576,217635,27636540
half_overlap,512,reopen_between_requests,3,0,698907837,gyfb,gyfb.tif,1024,1024,1048576,217571,197475274
half_overlap,512,reopen_between_requests,3,0,698907837,fmyl,fmyl.tif,1024,1024,1048576,217635,51055938
half_overlap,512,reopen_between_requests,3,0,698907837,fmts,fmts.tif,1024,1024,1048576,217635,50782618
half_overlap,512,reuse_same_process_handles,3,1,276700637,PM25,PM25.tif,1024,1024,1048576,220225,6838748
half_overlap,512,reuse_same_process_handles,3,1,276700637,AQI,AQI.tif,1024,1024,1048576,220958,7110609
half_overlap,512,reuse_same_process_handles,3,1,276700637,NDVI,NDVI.tif,1024,1024,1048576,212217,17604602
half_overlap,512,reuse_same_process_handles,3,1,276700637,hwmd,hwmd.tif,1024,1024,1048576,217198,6508896
half_overlap,512,reuse_same_process_handles,3,1,276700637,rkmd,rkmd.tif,1024,1024,1048576,208129,7170184
half_overlap,512,reuse_same_process_handles,3,1,276700637,xxmd,xxmd.tif,1024,1024,1048576,217198,13642896
half_overlap,512,reuse_same_process_handles,3,1,276700637,jmdmd,jmdmd.tif,1024,1024,1048576,217198,25057593
half_overlap,512,reuse_same_process_handles,3,1,276700637,xspb,xspb.tif,1024,1024,1048576,217635,34141778
half_overlap,512,reuse_same_process_handles,3,1,276700637,xsqs,xsqs.tif,1024,1024,1048576,217635,21630013
half_overlap,512,reuse_same_process_handles,3,1,276700637,gyfb,gyfb.tif,1024,1024,1048576,217571,88087593
half_overlap,512,reuse_same_process_handles,3,1,276700637,fmyl,fmyl.tif,1024,1024,1048576,217635,29014294
half_overlap,512,reuse_same_process_handles,3,1,276700637,fmts,fmts.tif,1024,1024,1048576,217635,19854037
half_overlap,512,reuse_same_process_handles,4,0,191584190,PM25,PM25.tif,1024,1024,1048576,220225,13041951
half_overlap,512,reuse_same_process_handles,4,0,191584190,AQI,AQI.tif,1024,1024,1048576,220958,13235307
half_overlap,512,reuse_same_process_handles,4,0,191584190,NDVI,NDVI.tif,1024,1024,1048576,212217,40572604
half_overlap,512,reuse_same_process_handles,4,0,191584190,hwmd,hwmd.tif,1024,1024,1048576,217198,7628803
half_overlap,512,reuse_same_process_handles,4,0,191584190,rkmd,rkmd.tif,1024,1024,1048576,208129,8227544
half_overlap,512,reuse_same_process_handles,4,0,191584190,xxmd,xxmd.tif,1024,1024,1048576,217198,8419833
half_overlap,512,reuse_same_process_handles,4,0,191584190,jmdmd,jmdmd.tif,1024,1024,1048576,217198,8047805
half_overlap,512,reuse_same_process_handles,4,0,191584190,xspb,xspb.tif,1024,1024,1048576,217635,11297249
half_overlap,512,reuse_same_process_handles,4,0,191584190,xsqs,xsqs.tif,1024,1024,1048576,217635,14056414
half_overlap,512,reuse_same_process_handles,4,0,191584190,gyfb,gyfb.tif,1024,1024,1048576,217571,50244586
half_overlap,512,reuse_same_process_handles,4,0,191584190,fmyl,fmyl.tif,1024,1024,1048576,217635,8182551
half_overlap,512,reuse_same_process_handles,4,0,191584190,fmts,fmts.tif,1024,1024,1048576,217635,8591921
half_overlap,512,reopen_between_requests,4,1,650121279,PM25,PM25.tif,1024,1024,1048576,220225,34980577
half_overlap,512,reopen_between_requests,4,1,650121279,AQI,AQI.tif,1024,1024,1048576,220958,19160551
half_overlap,512,reopen_between_requests,4,1,650121279,NDVI,NDVI.tif,1024,1024,1048576,212217,36880283
half_overlap,512,reopen_between_requests,4,1,650121279,hwmd,hwmd.tif,1024,1024,1048576,217198,13641917
half_overlap,512,reopen_between_requests,4,1,650121279,rkmd,rkmd.tif,1024,1024,1048576,208129,87247429
half_overlap,512,reopen_between_requests,4,1,650121279,xxmd,xxmd.tif,1024,1024,1048576,217198,77502644
half_overlap,512,reopen_between_requests,4,1,650121279,jmdmd,jmdmd.tif,1024,1024,1048576,217198,51787684
half_overlap,512,reopen_between_requests,4,1,650121279,xspb,xspb.tif,1024,1024,1048576,217635,30851635
half_overlap,512,reopen_between_requests,4,1,650121279,xsqs,xsqs.tif,1024,1024,1048576,217635,42977182
half_overlap,512,reopen_between_requests,4,1,650121279,gyfb,gyfb.tif,1024,1024,1048576,217571,222778480
half_overlap,512,reopen_between_requests,4,1,650121279,fmyl,fmyl.tif,1024,1024,1048576,217635,17559367
half_overlap,512,reopen_between_requests,4,1,650121279,fmts,fmts.tif,1024,1024,1048576,217635,14713844
zero_block_overlap,1152,reopen_between_requests,0,0,691743645,PM25,PM25.tif,1024,1024,1048576,0,32487653
zero_block_overlap,1152,reopen_between_requests,0,0,691743645,AQI,AQI.tif,1024,1024,1048576,0,49877288
zero_block_overlap,1152,reopen_between_requests,0,0,691743645,NDVI,NDVI.tif,1024,1024,1048576,0,150931566
zero_block_overlap,1152,reopen_between_requests,0,0,691743645,hwmd,hwmd.tif,1024,1024,1048576,0,13840735
zero_block_overlap,1152,reopen_between_requests,0,0,691743645,rkmd,rkmd.tif,1024,1024,1048576,0,11307517
zero_block_overlap,1152,reopen_between_requests,0,0,691743645,xxmd,xxmd.tif,1024,1024,1048576,0,11332557
zero_block_overlap,1152,reopen_between_requests,0,0,691743645,jmdmd,jmdmd.tif,1024,1024,1048576,0,11282766
zero_block_overlap,1152,reopen_between_requests,0,0,691743645,xspb,xspb.tif,1024,1024,1048576,0,23895790
zero_block_overlap,1152,reopen_between_requests,0,0,691743645,xsqs,xsqs.tif,1024,1024,1048576,0,45410860
zero_block_overlap,1152,reopen_between_requests,0,0,691743645,gyfb,gyfb.tif,1024,1024,1048576,0,242099339
zero_block_overlap,1152,reopen_between_requests,0,0,691743645,fmyl,fmyl.tif,1024,1024,1048576,0,47663074
zero_block_overlap,1152,reopen_between_requests,0,0,691743645,fmts,fmts.tif,1024,1024,1048576,0,51572445
zero_block_overlap,1152,reuse_same_process_handles,0,1,704397014,PM25,PM25.tif,1024,1024,1048576,0,47817651
zero_block_overlap,1152,reuse_same_process_handles,0,1,704397014,AQI,AQI.tif,1024,1024,1048576,0,51915881
zero_block_overlap,1152,reuse_same_process_handles,0,1,704397014,NDVI,NDVI.tif,1024,1024,1048576,0,157045396
zero_block_overlap,1152,reuse_same_process_handles,0,1,704397014,hwmd,hwmd.tif,1024,1024,1048576,0,47666395
zero_block_overlap,1152,reuse_same_process_handles,0,1,704397014,rkmd,rkmd.tif,1024,1024,1048576,0,37139419
zero_block_overlap,1152,reuse_same_process_handles,0,1,704397014,xxmd,xxmd.tif,1024,1024,1048576,0,43391750
zero_block_overlap,1152,reuse_same_process_handles,0,1,704397014,jmdmd,jmdmd.tif,1024,1024,1048576,0,41685967
zero_block_overlap,1152,reuse_same_process_handles,0,1,704397014,xspb,xspb.tif,1024,1024,1048576,0,40707889
zero_block_overlap,1152,reuse_same_process_handles,0,1,704397014,xsqs,xsqs.tif,1024,1024,1048576,0,37196525
zero_block_overlap,1152,reuse_same_process_handles,0,1,704397014,gyfb,gyfb.tif,1024,1024,1048576,0,173661100
zero_block_overlap,1152,reuse_same_process_handles,0,1,704397014,fmyl,fmyl.tif,1024,1024,1048576,0,14146324
zero_block_overlap,1152,reuse_same_process_handles,0,1,704397014,fmts,fmts.tif,1024,1024,1048576,0,11974374
zero_block_overlap,1152,reuse_same_process_handles,1,0,557262137,PM25,PM25.tif,1024,1024,1048576,0,23018507
zero_block_overlap,1152,reuse_same_process_handles,1,0,557262137,AQI,AQI.tif,1024,1024,1048576,0,19420002
zero_block_overlap,1152,reuse_same_process_handles,1,0,557262137,NDVI,NDVI.tif,1024,1024,1048576,0,160105191
zero_block_overlap,1152,reuse_same_process_handles,1,0,557262137,hwmd,hwmd.tif,1024,1024,1048576,0,41924785
zero_block_overlap,1152,reuse_same_process_handles,1,0,557262137,rkmd,rkmd.tif,1024,1024,1048576,0,49685418
zero_block_overlap,1152,reuse_same_process_handles,1,0,557262137,xxmd,xxmd.tif,1024,1024,1048576,0,41864562
zero_block_overlap,1152,reuse_same_process_handles,1,0,557262137,jmdmd,jmdmd.tif,1024,1024,1048576,0,37500731
zero_block_overlap,1152,reuse_same_process_handles,1,0,557262137,xspb,xspb.tif,1024,1024,1048576,0,38365259
zero_block_overlap,1152,reuse_same_process_handles,1,0,557262137,xsqs,xsqs.tif,1024,1024,1048576,0,36084082
zero_block_overlap,1152,reuse_same_process_handles,1,0,557262137,gyfb,gyfb.tif,1024,1024,1048576,0,85889384
zero_block_overlap,1152,reuse_same_process_handles,1,0,557262137,fmyl,fmyl.tif,1024,1024,1048576,0,11573324
zero_block_overlap,1152,reuse_same_process_handles,1,0,557262137,fmts,fmts.tif,1024,1024,1048576,0,11785478
zero_block_overlap,1152,reopen_between_requests,1,1,436514908,PM25,PM25.tif,1024,1024,1048576,0,50582143
zero_block_overlap,1152,reopen_between_requests,1,1,436514908,AQI,AQI.tif,1024,1024,1048576,0,47940804
zero_block_overlap,1152,reopen_between_requests,1,1,436514908,NDVI,NDVI.tif,1024,1024,1048576,0,64340472
zero_block_overlap,1152,reopen_between_requests,1,1,436514908,hwmd,hwmd.tif,1024,1024,1048576,0,13639863
zero_block_overlap,1152,reopen_between_requests,1,1,436514908,rkmd,rkmd.tif,1024,1024,1048576,0,12683819
zero_block_overlap,1152,reopen_between_requests,1,1,436514908,xxmd,xxmd.tif,1024,1024,1048576,0,12040065
zero_block_overlap,1152,reopen_between_requests,1,1,436514908,jmdmd,jmdmd.tif,1024,1024,1048576,0,17308585
zero_block_overlap,1152,reopen_between_requests,1,1,436514908,xspb,xspb.tif,1024,1024,1048576,0,13463336
zero_block_overlap,1152,reopen_between_requests,1,1,436514908,xsqs,xsqs.tif,1024,1024,1048576,0,13806488
zero_block_overlap,1152,reopen_between_requests,1,1,436514908,gyfb,gyfb.tif,1024,1024,1048576,0,121806838
zero_block_overlap,1152,reopen_between_requests,1,1,436514908,fmyl,fmyl.tif,1024,1024,1048576,0,33603216
zero_block_overlap,1152,reopen_between_requests,1,1,436514908,fmts,fmts.tif,1024,1024,1048576,0,35255049
zero_block_overlap,1152,reopen_between_requests,2,0,552759154,PM25,PM25.tif,1024,1024,1048576,0,23825168
zero_block_overlap,1152,reopen_between_requests,2,0,552759154,AQI,AQI.tif,1024,1024,1048576,0,22326092
zero_block_overlap,1152,reopen_between_requests,2,0,552759154,NDVI,NDVI.tif,1024,1024,1048576,0,68440289
zero_block_overlap,1152,reopen_between_requests,2,0,552759154,hwmd,hwmd.tif,1024,1024,1048576,0,14782076
zero_block_overlap,1152,reopen_between_requests,2,0,552759154,rkmd,rkmd.tif,1024,1024,1048576,0,27009154
zero_block_overlap,1152,reopen_between_requests,2,0,552759154,xxmd,xxmd.tif,1024,1024,1048576,0,40282722
zero_block_overlap,1152,reopen_between_requests,2,0,552759154,jmdmd,jmdmd.tif,1024,1024,1048576,0,33229919
zero_block_overlap,1152,reopen_between_requests,2,0,552759154,xspb,xspb.tif,1024,1024,1048576,0,38405956
zero_block_overlap,1152,reopen_between_requests,2,0,552759154,xsqs,xsqs.tif,1024,1024,1048576,0,44229565
zero_block_overlap,1152,reopen_between_requests,2,0,552759154,gyfb,gyfb.tif,1024,1024,1048576,0,176958110
zero_block_overlap,1152,reopen_between_requests,2,0,552759154,fmyl,fmyl.tif,1024,1024,1048576,0,47474419
zero_block_overlap,1152,reopen_between_requests,2,0,552759154,fmts,fmts.tif,1024,1024,1048576,0,15750881
zero_block_overlap,1152,reuse_same_process_handles,2,1,690575985,PM25,PM25.tif,1024,1024,1048576,0,45674406
zero_block_overlap,1152,reuse_same_process_handles,2,1,690575985,AQI,AQI.tif,1024,1024,1048576,0,36138493
zero_block_overlap,1152,reuse_same_process_handles,2,1,690575985,NDVI,NDVI.tif,1024,1024,1048576,0,210704129
zero_block_overlap,1152,reuse_same_process_handles,2,1,690575985,hwmd,hwmd.tif,1024,1024,1048576,0,37623102
zero_block_overlap,1152,reuse_same_process_handles,2,1,690575985,rkmd,rkmd.tif,1024,1024,1048576,0,46750743
zero_block_overlap,1152,reuse_same_process_handles,2,1,690575985,xxmd,xxmd.tif,1024,1024,1048576,0,40418711
zero_block_overlap,1152,reuse_same_process_handles,2,1,690575985,jmdmd,jmdmd.tif,1024,1024,1048576,0,28102773
zero_block_overlap,1152,reuse_same_process_handles,2,1,690575985,xspb,xspb.tif,1024,1024,1048576,0,46151118
zero_block_overlap,1152,reuse_same_process_handles,2,1,690575985,xsqs,xsqs.tif,1024,1024,1048576,0,48555418
zero_block_overlap,1152,reuse_same_process_handles,2,1,690575985,gyfb,gyfb.tif,1024,1024,1048576,0,115459601
zero_block_overlap,1152,reuse_same_process_handles,2,1,690575985,fmyl,fmyl.tif,1024,1024,1048576,0,10780244
zero_block_overlap,1152,reuse_same_process_handles,2,1,690575985,fmts,fmts.tif,1024,1024,1048576,0,24177008
zero_block_overlap,1152,reuse_same_process_handles,3,0,526040654,PM25,PM25.tif,1024,1024,1048576,0,11433214
zero_block_overlap,1152,reuse_same_process_handles,3,0,526040654,AQI,AQI.tif,1024,1024,1048576,0,11684947
zero_block_overlap,1152,reuse_same_process_handles,3,0,526040654,NDVI,NDVI.tif,1024,1024,1048576,0,53265221
zero_block_overlap,1152,reuse_same_process_handles,3,0,526040654,hwmd,hwmd.tif,1024,1024,1048576,0,14397063
zero_block_overlap,1152,reuse_same_process_handles,3,0,526040654,rkmd,rkmd.tif,1024,1024,1048576,0,28316606
zero_block_overlap,1152,reuse_same_process_handles,3,0,526040654,xxmd,xxmd.tif,1024,1024,1048576,0,74566714
zero_block_overlap,1152,reuse_same_process_handles,3,0,526040654,jmdmd,jmdmd.tif,1024,1024,1048576,0,46126351
zero_block_overlap,1152,reuse_same_process_handles,3,0,526040654,xspb,xspb.tif,1024,1024,1048576,0,29078032
zero_block_overlap,1152,reuse_same_process_handles,3,0,526040654,xsqs,xsqs.tif,1024,1024,1048576,0,34673502
zero_block_overlap,1152,reuse_same_process_handles,3,0,526040654,gyfb,gyfb.tif,1024,1024,1048576,0,141136554
zero_block_overlap,1152,reuse_same_process_handles,3,0,526040654,fmyl,fmyl.tif,1024,1024,1048576,0,51625742
zero_block_overlap,1152,reuse_same_process_handles,3,0,526040654,fmts,fmts.tif,1024,1024,1048576,0,29678158
zero_block_overlap,1152,reopen_between_requests,3,1,435390653,PM25,PM25.tif,1024,1024,1048576,0,34651189
zero_block_overlap,1152,reopen_between_requests,3,1,435390653,AQI,AQI.tif,1024,1024,1048576,0,35539300
zero_block_overlap,1152,reopen_between_requests,3,1,435390653,NDVI,NDVI.tif,1024,1024,1048576,0,67866896
zero_block_overlap,1152,reopen_between_requests,3,1,435390653,hwmd,hwmd.tif,1024,1024,1048576,0,23384708
zero_block_overlap,1152,reopen_between_requests,3,1,435390653,rkmd,rkmd.tif,1024,1024,1048576,0,22118434
zero_block_overlap,1152,reopen_between_requests,3,1,435390653,xxmd,xxmd.tif,1024,1024,1048576,0,13865909
zero_block_overlap,1152,reopen_between_requests,3,1,435390653,jmdmd,jmdmd.tif,1024,1024,1048576,0,13762333
zero_block_overlap,1152,reopen_between_requests,3,1,435390653,xspb,xspb.tif,1024,1024,1048576,0,20626355
zero_block_overlap,1152,reopen_between_requests,3,1,435390653,xsqs,xsqs.tif,1024,1024,1048576,0,29016567
zero_block_overlap,1152,reopen_between_requests,3,1,435390653,gyfb,gyfb.tif,1024,1024,1048576,0,135467188
zero_block_overlap,1152,reopen_between_requests,3,1,435390653,fmyl,fmyl.tif,1024,1024,1048576,0,15355905
zero_block_overlap,1152,reopen_between_requests,3,1,435390653,fmts,fmts.tif,1024,1024,1048576,0,23687598
zero_block_overlap,1152,reopen_between_requests,4,0,475155947,PM25,PM25.tif,1024,1024,1048576,0,13602822
zero_block_overlap,1152,reopen_between_requests,4,0,475155947,AQI,AQI.tif,1024,1024,1048576,0,13382464
zero_block_overlap,1152,reopen_between_requests,4,0,475155947,NDVI,NDVI.tif,1024,1024,1048576,0,128626330
zero_block_overlap,1152,reopen_between_requests,4,0,475155947,hwmd,hwmd.tif,1024,1024,1048576,0,29558147
zero_block_overlap,1152,reopen_between_requests,4,0,475155947,rkmd,rkmd.tif,1024,1024,1048576,0,58610236
zero_block_overlap,1152,reopen_between_requests,4,0,475155947,xxmd,xxmd.tif,1024,1024,1048576,0,32890878
zero_block_overlap,1152,reopen_between_requests,4,0,475155947,jmdmd,jmdmd.tif,1024,1024,1048576,0,25787279
zero_block_overlap,1152,reopen_between_requests,4,0,475155947,xspb,xspb.tif,1024,1024,1048576,0,16707049
zero_block_overlap,1152,reopen_between_requests,4,0,475155947,xsqs,xsqs.tif,1024,1024,1048576,0,18250484
zero_block_overlap,1152,reopen_between_requests,4,0,475155947,gyfb,gyfb.tif,1024,1024,1048576,0,79748508
zero_block_overlap,1152,reopen_between_requests,4,0,475155947,fmyl,fmyl.tif,1024,1024,1048576,0,28786263
zero_block_overlap,1152,reopen_between_requests,4,0,475155947,fmts,fmts.tif,1024,1024,1048576,0,29161077
zero_block_overlap,1152,reuse_same_process_handles,4,1,279355950,PM25,PM25.tif,1024,1024,1048576,0,16251159
zero_block_overlap,1152,reuse_same_process_handles,4,1,279355950,AQI,AQI.tif,1024,1024,1048576,0,14207286
zero_block_overlap,1152,reuse_same_process_handles,4,1,279355950,NDVI,NDVI.tif,1024,1024,1048576,0,55359750
zero_block_overlap,1152,reuse_same_process_handles,4,1,279355950,hwmd,hwmd.tif,1024,1024,1048576,0,14861676
zero_block_overlap,1152,reuse_same_process_handles,4,1,279355950,rkmd,rkmd.tif,1024,1024,1048576,0,17306753
zero_block_overlap,1152,reuse_same_process_handles,4,1,279355950,xxmd,xxmd.tif,1024,1024,1048576,0,26003050
zero_block_overlap,1152,reuse_same_process_handles,4,1,279355950,jmdmd,jmdmd.tif,1024,1024,1048576,0,24885085
zero_block_overlap,1152,reuse_same_process_handles,4,1,279355950,xspb,xspb.tif,1024,1024,1048576,0,21348647
zero_block_overlap,1152,reuse_same_process_handles,4,1,279355950,xsqs,xsqs.tif,1024,1024,1048576,0,11377835
zero_block_overlap,1152,reuse_same_process_handles,4,1,279355950,gyfb,gyfb.tif,1024,1024,1048576,0,32388759
zero_block_overlap,1152,reuse_same_process_handles,4,1,279355950,fmyl,fmyl.tif,1024,1024,1048576,0,12289521
zero_block_overlap,1152,reuse_same_process_handles,4,1,279355950,fmts,fmts.tif,1024,1024,1048576,0,33040820
