family,aoi,indicator_count,indicator_codes,sample_index,rows,cols,window_cells,valid_cells,pipeline_elapsed_ms,validation_elapsed_ms,validation_timing,validation_included_in_total_service,total_service_elapsed_ms,spatial_elapsed_ms,feature_count,response_bytes,transport
compute,small,3,"PM25,AQI,NDVI",0,128,128,16384,16384,125.741275,22.528541,standalone_post_execute_warm_cache,False,128.326365,,,,
compute,small,3,"PM25,AQI,NDVI",1,128,128,16384,16384,109.638763,27.392135,standalone_post_execute_warm_cache,False,112.626111,,,,
compute,small,3,"PM25,AQI,NDVI",2,128,128,16384,16384,91.3567,21.402311,standalone_post_execute_warm_cache,False,93.209667,,,,
compute,small,3,"PM25,AQI,NDVI",3,128,128,16384,16384,119.420281,27.91751,standalone_post_execute_warm_cache,False,123.095985,,,,
compute,small,3,"PM25,AQI,NDVI",4,128,128,16384,16384,89.46349,24.239614,standalone_post_execute_warm_cache,False,91.383031,,,,
compute,medium,3,"PM25,AQI,NDVI",0,384,384,147456,145560,231.485189,165.864714,standalone_post_execute_warm_cache,False,234.575672,,,,
compute,medium,3,"PM25,AQI,NDVI",1,384,384,147456,145560,128.596872,162.212956,standalone_post_execute_warm_cache,False,131.166077,,,,
compute,medium,3,"PM25,AQI,NDVI",2,384,384,147456,145560,99.725378,173.446038,standalone_post_execute_warm_cache,False,102.080846,,,,
compute,medium,3,"PM25,AQI,NDVI",3,384,384,147456,145560,37.987356,165.348345,standalone_post_execute_warm_cache,False,40.318582,,,,
compute,medium,3,"PM25,AQI,NDVI",4,384,384,147456,145560,143.021168,166.124784,standalone_post_execute_warm_cache,False,145.95001,,,,
compute,large,3,"PM25,AQI,NDVI",0,1024,1024,1048576,736372,224.864238,988.164313,standalone_post_execute_warm_cache,False,232.497185,,,,
compute,large,3,"PM25,AQI,NDVI",1,1024,1024,1048576,736372,134.804924,1003.000446,standalone_post_execute_warm_cache,False,140.027203,,,,
compute,large,3,"PM25,AQI,NDVI",2,1024,1024,1048576,736372,190.536857,978.611111,standalone_post_execute_warm_cache,False,195.537645,,,,
compute,large,3,"PM25,AQI,NDVI",3,1024,1024,1048576,736372,289.69315,1007.762683,standalone_post_execute_warm_cache,False,296.420682,,,,
compute,large,3,"PM25,AQI,NDVI",4,1024,1024,1048576,736372,407.284301,1021.504596,standalone_post_execute_warm_cache,False,416.402641,,,,
compute,small,6,"PM25,AQI,NDVI,rkmd,gyfb,fmyl",0,128,128,16384,16139,149.280718,26.048694,standalone_post_execute_warm_cache,False,154.359224,,,,
compute,small,6,"PM25,AQI,NDVI,rkmd,gyfb,fmyl",1,128,128,16384,16139,105.645997,19.082357,standalone_post_execute_warm_cache,False,108.631872,,,,
compute,small,6,"PM25,AQI,NDVI,rkmd,gyfb,fmyl",2,128,128,16384,16139,98.011882,28.843347,standalone_post_execute_warm_cache,False,103.072714,,,,
compute,small,6,"PM25,AQI,NDVI,rkmd,gyfb,fmyl",3,128,128,16384,16139,120.594629,19.568998,standalone_post_execute_warm_cache,False,122.340287,,,,
compute,small,6,"PM25,AQI,NDVI,rkmd,gyfb,fmyl",4,128,128,16384,16139,115.735974,19.724162,standalone_post_execute_warm_cache,False,119.318658,,,,
compute,medium,6,"PM25,AQI,NDVI,rkmd,gyfb,fmyl",0,384,384,147456,140156,315.578874,156.368085,standalone_post_execute_warm_cache,False,318.163202,,,,
compute,medium,6,"PM25,AQI,NDVI,rkmd,gyfb,fmyl",1,384,384,147456,140156,357.843695,179.603054,standalone_post_execute_warm_cache,False,360.917393,,,,
compute,medium,6,"PM25,AQI,NDVI,rkmd,gyfb,fmyl",2,384,384,147456,140156,321.270932,159.289592,standalone_post_execute_warm_cache,False,324.883732,,,,
compute,medium,6,"PM25,AQI,NDVI,rkmd,gyfb,fmyl",3,384,384,147456,140156,421.300687,161.08888,standalone_post_execute_warm_cache,False,423.72129,,,,
compute,medium,6,"PM25,AQI,NDVI,rkmd,gyfb,fmyl",4,384,384,147456,140156,455.37778,159.839665,standalone_post_execute_warm_cache,False,461.227543,,,,
compute,large,6,"PM25,AQI,NDVI,rkmd,gyfb,fmyl",0,1024,1024,1048576,724106,1255.678295,966.394232,standalone_post_execute_warm_cache,False,1262.85012,,,,
compute,large,6,"PM25,AQI,NDVI,rkmd,gyfb,fmyl",1,1024,1024,1048576,724106,1325.692065,969.313306,standalone_post_execute_warm_cache,False,1330.620433,,,,
compute,large,6,"PM25,AQI,NDVI,rkmd,gyfb,fmyl",2,1024,1024,1048576,724106,416.683815,997.649897,standalone_post_execute_warm_cache,False,422.881634,,,,
compute,large,6,"PM25,AQI,NDVI,rkmd,gyfb,fmyl",3,1024,1024,1048576,724106,495.14463,971.161847,standalone_post_execute_warm_cache,False,501.791956,,,,
compute,large,6,"PM25,AQI,NDVI,rkmd,gyfb,fmyl",4,1024,1024,1048576,724106,730.63172,978.002875,standalone_post_execute_warm_cache,False,736.048451,,,,
compute,small,12,"PM25,AQI,NDVI,hwmd,rkmd,xxmd,jmdmd,xspb,xsqs,gyfb,fmyl,fmts",0,128,128,16384,16139,310.309607,19.133337,standalone_post_execute_warm_cache,False,312.106639,,,,
compute,small,12,"PM25,AQI,NDVI,hwmd,rkmd,xxmd,jmdmd,xspb,xsqs,gyfb,fmyl,fmts",1,128,128,16384,16139,415.758355,21.225634,standalone_post_execute_warm_cache,False,418.279355,,,,
compute,small,12,"PM25,AQI,NDVI,hwmd,rkmd,xxmd,jmdmd,xspb,xsqs,gyfb,fmyl,fmts",2,128,128,16384,16139,310.231511,23.284195,standalone_post_execute_warm_cache,False,313.781693,,,,
compute,small,12,"PM25,AQI,NDVI,hwmd,rkmd,xxmd,jmdmd,xspb,xsqs,gyfb,fmyl,fmts",3,128,128,16384,16139,378.635906,18.941229,standalone_post_execute_warm_cache,False,380.541407,,,,
compute,small,12,"PM25,AQI,NDVI,hwmd,rkmd,xxmd,jmdmd,xspb,xsqs,gyfb,fmyl,fmts",4,128,128,16384,16139,60.418969,19.679648,standalone_post_execute_warm_cache,False,62.247095,,,,
compute,medium,12,"PM25,AQI,NDVI,hwmd,rkmd,xxmd,jmdmd,xspb,xsqs,gyfb,fmyl,fmts",0,384,384,147456,140149,315.101437,157.935396,standalone_post_execute_warm_cache,False,317.389563,,,,
compute,medium,12,"PM25,AQI,NDVI,hwmd,rkmd,xxmd,jmdmd,xspb,xsqs,gyfb,fmyl,fmts",1,384,384,147456,140149,448.466005,165.826938,standalone_post_execute_warm_cache,False,455.131465,,,,
compute,medium,12,"PM25,AQI,NDVI,hwmd,rkmd,xxmd,jmdmd,xspb,xsqs,gyfb,fmyl,fmts",2,384,384,147456,140149,254.746766,169.412724,standalone_post_execute_warm_cache,False,257.691263,,,,
compute,medium,12,"PM25,AQI,NDVI,hwmd,rkmd,xxmd,jmdmd,xspb,xsqs,gyfb,fmyl,fmts",3,384,384,147456,140149,255.069103,201.052852,standalone_post_execute_warm_cache,False,257.530002,,,,
compute,medium,12,"PM25,AQI,NDVI,hwmd,rkmd,xxmd,jmdmd,xspb,xsqs,gyfb,fmyl,fmts",4,384,384,147456,140149,724.889817,229.824121,standalone_post_execute_warm_cache,False,731.36425,,,,
compute,large,12,"PM25,AQI,NDVI,hwmd,rkmd,xxmd,jmdmd,xspb,xsqs,gyfb,fmyl,fmts",0,1024,1024,1048576,723902,1603.37695,973.796749,standalone_post_execute_warm_cache,False,1611.233632,,,,
compute,large,12,"PM25,AQI,NDVI,hwmd,rkmd,xxmd,jmdmd,xspb,xsqs,gyfb,fmyl,fmts",1,1024,1024,1048576,723902,1774.873722,990.691464,standalone_post_execute_warm_cache,False,1780.572458,,,,
compute,large,12,"PM25,AQI,NDVI,hwmd,rkmd,xxmd,jmdmd,xspb,xsqs,gyfb,fmyl,fmts",2,1024,1024,1048576,723902,1633.393761,993.342021,standalone_post_execute_warm_cache,False,1639.475728,,,,
compute,large,12,"PM25,AQI,NDVI,hwmd,rkmd,xxmd,jmdmd,xspb,xsqs,gyfb,fmyl,fmts",3,1024,1024,1048576,723902,1282.650311,948.129684,standalone_post_execute_warm_cache,False,1288.263941,,,,
compute,large,12,"PM25,AQI,NDVI,hwmd,rkmd,xxmd,jmdmd,xspb,xsqs,gyfb,fmyl,fmts",4,1024,1024,1048576,723902,1434.280288,956.723544,standalone_post_execute_warm_cache,False,1444.186017,,,,
spatial,small,12,"PM25,AQI,NDVI,hwmd,rkmd,xxmd,jmdmd,xspb,xsqs,gyfb,fmyl,fmts",0,32,32,1024,1006,,,,,,71.7996,1006,302601,flask_test_client_no_network
spatial,small,12,"PM25,AQI,NDVI,hwmd,rkmd,xxmd,jmdmd,xspb,xsqs,gyfb,fmyl,fmts",1,32,32,1024,1006,,,,,,23.396669,1006,302601,flask_test_client_no_network
spatial,small,12,"PM25,AQI,NDVI,hwmd,rkmd,xxmd,jmdmd,xspb,xsqs,gyfb,fmyl,fmts",2,32,32,1024,1006,,,,,,23.756436,1006,302601,flask_test_client_no_network
spatial,small,12,"PM25,AQI,NDVI,hwmd,rkmd,xxmd,jmdmd,xspb,xsqs,gyfb,fmyl,fmts",3,32,32,1024,1006,,,,,,23.618288,1006,302601,flask_test_client_no_network
spatial,small,12,"PM25,AQI,NDVI,hwmd,rkmd,xxmd,jmdmd,xspb,xsqs,gyfb,fmyl,fmts",4,32,32,1024,1006,,,,,,23.852887,1006,302601,flask_test_client_no_network
spatial,medium,12,"PM25,AQI,NDVI,hwmd,rkmd,xxmd,jmdmd,xspb,xsqs,gyfb,fmyl,fmts",0,64,64,4096,4057,,,,,,129.96944,4057,1238623,flask_test_client_no_network
spatial,medium,12,"PM25,AQI,NDVI,hwmd,rkmd,xxmd,jmdmd,xspb,xsqs,gyfb,fmyl,fmts",1,64,64,4096,4057,,,,,,94.695154,4057,1238623,flask_test_client_no_network
spatial,medium,12,"PM25,AQI,NDVI,hwmd,rkmd,xxmd,jmdmd,xspb,xsqs,gyfb,fmyl,fmts",2,64,64,4096,4057,,,,,,134.810206,4057,1238623,flask_test_client_no_network
spatial,medium,12,"PM25,AQI,NDVI,hwmd,rkmd,xxmd,jmdmd,xspb,xsqs,gyfb,fmyl,fmts",3,64,64,4096,4057,,,,,,93.489879,4057,1238623,flask_test_client_no_network
spatial,medium,12,"PM25,AQI,NDVI,hwmd,rkmd,xxmd,jmdmd,xspb,xsqs,gyfb,fmyl,fmts",4,64,64,4096,4057,,,,,,137.497618,4057,1238623,flask_test_client_no_network
spatial,large,12,"PM25,AQI,NDVI,hwmd,rkmd,xxmd,jmdmd,xspb,xsqs,gyfb,fmyl,fmts",0,128,128,16384,16139,,,,,,456.111495,16139,4966037,flask_test_client_no_network
spatial,large,12,"PM25,AQI,NDVI,hwmd,rkmd,xxmd,jmdmd,xspb,xsqs,gyfb,fmyl,fmts",1,128,128,16384,16139,,,,,,517.372844,16139,4966037,flask_test_client_no_network
spatial,large,12,"PM25,AQI,NDVI,hwmd,rkmd,xxmd,jmdmd,xspb,xsqs,gyfb,fmyl,fmts",2,128,128,16384,16139,,,,,,510.242938,16139,4966037,flask_test_client_no_network
spatial,large,12,"PM25,AQI,NDVI,hwmd,rkmd,xxmd,jmdmd,xspb,xsqs,gyfb,fmyl,fmts",3,128,128,16384,16139,,,,,,463.01892,16139,4966037,flask_test_client_no_network
spatial,large,12,"PM25,AQI,NDVI,hwmd,rkmd,xxmd,jmdmd,xspb,xsqs,gyfb,fmyl,fmts",4,128,128,16384,16139,,,,,,511.766756,16139,4966037,flask_test_client_no_network
